accuracy,recall,precision,f1_score,model,optim,lr,patience,min_delta,num_layers,hidden_size,dropout,epochs,batch_size,embedding_dim,train_time
0.6921938221652028,0.6287997922791787,0.5582629911830308,0.582029755090129,RNN,adam,0.001,15,0.0001,2,128,0.2,100,64,100,190.91941785812378
0.5576828185137669,0.534160303125245,0.4862482107365194,0.47312391217644123,RNN,adam,0.0047315125896148025,15,0.0001,2,128,0.2,100,64,100,304.952880859375
0.2503700779630909,0.392997932705977,0.3962282104849963,0.1859151332568902,RNN,adam,0.0223872113856834,15,0.0001,2,128,0.2,100,64,100,184.78491115570068
0.7316688048948978,0.3333333333333333,0.24388960163163262,0.28168157899735946,RNN,adam,0.10592537251772897,15,0.0001,2,128,0.2,100,64,100,333.0422475337982
0.3966248889766111,0.37699747925546817,0.37332087953009857,0.322855987636061,RNN,adam,0.5011872336272722,15,0.0001,2,128,0.2,100,64,100,215.0510585308075
0.608408171321425,0.6629583739547392,0.5315778759212627,0.5427578615405816,RNN,sgd,0.001,15,0.0001,2,128,0.2,100,64,100,648.2689156532288
