accuracy,recall,precision,f1_score,model,optim,lr,patience,min_delta,num_layers,hidden_size,dropout,epochs,batch_size,embedding_dim,train_time
0.37951132033176416,0.4087583621103959,0.5606784959985204,0.3263177995918603,RNN,adam,0.01,15,0.0001,2,128,0.2,100,64,100,194.02146315574646
0.41111858327729206,0.3876562192426232,0.4114410138026374,0.34581053515391136,RNN,adam,0.01,15,0.0001,2,128,0.2,100,64,100,172.4123682975769
